Workbook

Sheet 輸出表格資料
A1: 新北市道路警衛區__道路警衛段 (__演習)蒞臨場所警衛安全維護部署表
A2: 勤務時段：115年Ｏ月Ｏ日Ｏ時至Ｏ時。 各監巡區、(分)隊勤教時間：自行勤教。 (檢查應勤裝備、交付任務) 本段勤教時、地：Ｏ時Ｏ分(____)。 (Ｏ時Ｏ分就座完畢) 場檢時間： Ｏ時Ｏ分。 重點部署時間： Ｏ時Ｏ分【____】 全員部署時間：Ｏ時Ｏ分。
A3: 編號 | B3: 崗哨別 | C3: 崗哨位置 | D3: 派遣單位 | E3: 警力 | F3: 職稱姓名 | G3: 無線電代號 | H3: 服裝及應勤裝備 | I3: 分（協調）區協調員電話
A7: 1 | H7: =TEXTJOIN("、",TRUE,IF('裝備勾選'!C4="✓",'裝備勾選'!C$3,""),IF('裝備勾選'!D4="✓",'裝備勾選'!D$3,""),IF('裝備勾選'!E4="✓",'裝備勾選'!E$3,""),IF('裝備勾選'!F4="✓",'裝備勾選'!F$3,""),IF('裝備勾選'!G4="✓",'裝備勾選'!G$3,""),IF('裝備勾選'!H4="✓",'裝備勾選'!H$3,""),IF('裝備勾選'!I4="✓",'裝備勾選'!I$3,""),IF('裝備勾選'!J4="✓",'裝備勾選'!J$3,""),IF('裝備勾選'!K4="✓",'裝備勾選'!K$3,""),IF('裝備勾選'!L4="✓",'裝備勾選'!L$3,""),IF('裝備勾選'!M4="✓",'裝備勾選'!M$3,""),IF('裝備勾選'!N4="✓",'裝備勾選'!N$3,""),IF('裝備勾選'!O4="✓",'裝備勾選'!O$3,""),IF('裝備勾選'!P4="✓",'裝備勾選'!P$3,""),IF('裝備勾選'!Q4="✓",'裝備勾選'!Q$3,""),IF('裝備勾選'!R4="✓",'裝備勾選'!R$3,""),IF('裝備勾選'!S4="✓",'裝備勾選'!S$3,""),IF('裝備勾選'!T4="✓",'裝備勾選'!T$3,""),IF('裝備勾選'!U4="✓",'裝備勾選'!U$3,""),IF('裝備勾選'!V4="✓",'裝備勾選'!V$3,""),IF('裝備勾選'!W4="✓",'裝備勾選'!W$3,""),IF('裝備勾選'!X4="✓",'裝備勾選'!X$3,""),IF('裝備勾選'!Y4="✓",'裝備勾選'!Y$3,""),IF('裝備勾選'!Z4="✓",'裝備勾選'!Z$3,""),IF('裝備勾選'!AA4="✓",'裝備勾選'!AA$3,""),IF('裝備勾選'!AB4="✓",'裝備勾選'!AB$3,""),IF('裝備勾選'!AC4="✓",'裝備勾選'!AC$3,""),IF('裝備勾選'!AD4="✓",'裝備勾選'!AD$3,""))
A8: 2 | H8: =TEXTJOIN("、",TRUE,IF('裝備勾選'!C5="✓",'裝備勾選'!C$3,""),IF('裝備勾選'!D5="✓",'裝備勾選'!D$3,""),IF('裝備勾選'!E5="✓",'裝備勾選'!E$3,""),IF('裝備勾選'!F5="✓",'裝備勾選'!F$3,""),IF('裝備勾選'!G5="✓",'裝備勾選'!G$3,""),IF('裝備勾選'!H5="✓",'裝備勾選'!H$3,""),IF('裝備勾選'!I5="✓",'裝備勾選'!I$3,""),IF('裝備勾選'!J5="✓",'裝備勾選'!J$3,""),IF('裝備勾選'!K5="✓",'裝備勾選'!K$3,""),IF('裝備勾選'!L5="✓",'裝備勾選'!L$3,""),IF('裝備勾選'!M5="✓",'裝備勾選'!M$3,""),IF('裝備勾選'!N5="✓",'裝備勾選'!N$3,""),IF('裝備勾選'!O5="✓",'裝備勾選'!O$3,""),IF('裝備勾選'!P5="✓",'裝備勾選'!P$3,""),IF('裝備勾選'!Q5="✓",'裝備勾選'!Q$3,""),IF('裝備勾選'!R5="✓",'裝備勾選'!R$3,""),IF('裝備勾選'!S5="✓",'裝備勾選'!S$3,""),IF('裝備勾選'!T5="✓",'裝備勾選'!T$3,""),IF('裝備勾選'!U5="✓",'裝備勾選'!U$3,""),IF('裝備勾選'!V5="✓",'裝備勾選'!V$3,""),IF('裝備勾選'!W5="✓",'裝備勾選'!W$3,""),IF('裝備勾選'!X5="✓",'裝備勾選'!X$3,""),IF('裝備勾選'!Y5="✓",'裝備勾選'!Y$3,""),IF('裝備勾選'!Z5="✓",'裝備勾選'!Z$3,""),IF('裝備勾選'!AA5="✓",'裝備勾選'!AA$3,""),IF('裝備勾選'!AB5="✓",'裝備勾選'!AB$3,""),IF('裝備勾選'!AC5="✓",'裝備勾選'!AC$3,""),IF('裝備勾選'!AD5="✓",'裝備勾選'!AD$3,""))
A9: 3 | H9: =TEXTJOIN("、",TRUE,IF('裝備勾選'!C6="✓",'裝備勾選'!C$3,""),IF('裝備勾選'!D6="✓",'裝備勾選'!D$3,""),IF('裝備勾選'!E6="✓",'裝備勾選'!E$3,""),IF('裝備勾選'!F6="✓",'裝備勾選'!F$3,""),IF('裝備勾選'!G6="✓",'裝備勾選'!G$3,""),IF('裝備勾選'!H6="✓",'裝備勾選'!H$3,""),IF('裝備勾選'!I6="✓",'裝備勾選'!I$3,""),IF('裝備勾選'!J6="✓",'裝備勾選'!J$3,""),IF('裝備勾選'!K6="✓",'裝備勾選'!K$3,""),IF('裝備勾選'!L6="✓",'裝備勾選'!L$3,""),IF('裝備勾選'!M6="✓",'裝備勾選'!M$3,""),IF('裝備勾選'!N6="✓",'裝備勾選'!N$3,""),IF('裝備勾選'!O6="✓",'裝備勾選'!O$3,""),IF('裝備勾選'!P6="✓",'裝備勾選'!P$3,""),IF('裝備勾選'!Q6="✓",'裝備勾選'!Q$3,""),IF('裝備勾選'!R6="✓",'裝備勾選'!R$3,""),IF('裝備勾選'!S6="✓",'裝備勾選'!S$3,""),IF('裝備勾選'!T6="✓",'裝備勾選'!T$3,""),IF('裝備勾選'!U6="✓",'裝備勾選'!U$3,""),IF('裝備勾選'!V6="✓",'裝備勾選'!V$3,""),IF('裝備勾選'!W6="✓",'裝備勾選'!W$3,""),IF('裝備勾選'!X6="✓",'裝備勾選'!X$3,""),IF('裝備勾選'!Y6="✓",'裝備勾選'!Y$3,""),IF('裝備勾選'!Z6="✓",'裝備勾選'!Z$3,""),IF('裝備勾選'!AA6="✓",'裝備勾選'!AA$3,""),IF('裝備勾選'!AB6="✓",'裝備勾選'!AB$3,""),IF('裝備勾選'!AC6="✓",'裝備勾選'!AC$3,""),IF('裝備勾選'!AD6="✓",'裝備勾選'!AD$3,""))
A10: 4 | H10: =TEXTJOIN("、",TRUE,IF('裝備勾選'!C7="✓",'裝備勾選'!C$3,""),IF('裝備勾選'!D7="✓",'裝備勾選'!D$3,""),IF('裝備勾選'!E7="✓",'裝備勾選'!E$3,""),IF('裝備勾選'!F7="✓",'裝備勾選'!F$3,""),IF('裝備勾選'!G7="✓",'裝備勾選'!G$3,""),IF('裝備勾選'!H7="✓",'裝備勾選'!H$3,""),IF('裝備勾選'!I7="✓",'裝備勾選'!I$3,""),IF('裝備勾選'!J7="✓",'裝備勾選'!J$3,""),IF('裝備勾選'!K7="✓",'裝備勾選'!K$3,""),IF('裝備勾選'!L7="✓",'裝備勾選'!L$3,""),IF('裝備勾選'!M7="✓",'裝備勾選'!M$3,""),IF('裝備勾選'!N7="✓",'裝備勾選'!N$3,""),IF('裝備勾選'!O7="✓",'裝備勾選'!O$3,""),IF('裝備勾選'!P7="✓",'裝備勾選'!P$3,""),IF('裝備勾選'!Q7="✓",'裝備勾選'!Q$3,""),IF('裝備勾選'!R7="✓",'裝備勾選'!R$3,""),IF('裝備勾選'!S7="✓",'裝備勾選'!S$3,""),IF('裝備勾選'!T7="✓",'裝備勾選'!T$3,""),IF('裝備勾選'!U7="✓",'裝備勾選'!U$3,""),IF('裝備勾選'!V7="✓",'裝備勾選'!V$3,""),IF('裝備勾選'!W7="✓",'裝備勾選'!W$3,""),IF('裝備勾選'!X7="✓",'裝備勾選'!X$3,""),IF('裝備勾選'!Y7="✓",'裝備勾選'!Y$3,""),IF('裝備勾選'!Z7="✓",'裝備勾選'!Z$3,""),IF('裝備勾選'!AA7="✓",'裝備勾選'!AA$3,""),IF('裝備勾選'!AB7="✓",'裝備勾選'!AB$3,""),IF('裝備勾選'!AC7="✓",'裝備勾選'!AC$3,""),IF('裝備勾選'!AD7="✓",'裝備勾選'!AD$3,""))
A11: 5 | H11: =TEXTJOIN("、",TRUE,IF('裝備勾選'!C8="✓",'裝備勾選'!C$3,""),IF('裝備勾選'!D8="✓",'裝備勾選'!D$3,""),IF('裝備勾選'!E8="✓",'裝備勾選'!E$3,""),IF('裝備勾選'!F8="✓",'裝備勾選'!F$3,""),IF('裝備勾選'!G8="✓",'裝備勾選'!G$3,""),IF('裝備勾選'!H8="✓",'裝備勾選'!H$3,""),IF('裝備勾選'!I8="✓",'裝備勾選'!I$3,""),IF('裝備勾選'!J8="✓",'裝備勾選'!J$3,""),IF('裝備勾選'!K8="✓",'裝備勾選'!K$3,""),IF('裝備勾選'!L8="✓",'裝備勾選'!L$3,""),IF('裝備勾選'!M8="✓",'裝備勾選'!M$3,""),IF('裝備勾選'!N8="✓",'裝備勾選'!N$3,""),IF('裝備勾選'!O8="✓",'裝備勾選'!O$3,""),IF('裝備勾選'!P8="✓",'裝備勾選'!P$3,""),IF('裝備勾選'!Q8="✓",'裝備勾選'!Q$3,""),IF('裝備勾選'!R8="✓",'裝備勾選'!R$3,""),IF('裝備勾選'!S8="✓",'裝備勾選'!S$3,""),IF('裝備勾選'!T8="✓",'裝備勾選'!T$3,""),IF('裝備勾選'!U8="✓",'裝備勾選'!U$3,""),IF('裝備勾選'!V8="✓",'裝備勾選'!V$3,""),IF('裝備勾選'!W8="✓",'裝備勾選'!W$3,""),IF('裝備勾選'!X8="✓",'裝備勾選'!X$3,""),IF('裝備勾選'!Y8="✓",'裝備勾選'!Y$3,""),IF('裝備勾選'!Z8="✓",'裝備勾選'!Z$3,""),IF('裝備勾選'!AA8="✓",'裝備勾選'!AA$3,""),IF('裝備勾選'!AB8="✓",'裝備勾選'!AB$3,""),IF('裝備勾選'!AC8="✓",'裝備勾選'!AC$3,""),IF('裝備勾選'!AD8="✓",'裝備勾選'!AD$3,""))
A12: 6 | H12: =TEXTJOIN("、",TRUE,IF('裝備勾選'!C9="✓",'裝備勾選'!C$3,""),IF('裝備勾選'!D9="✓",'裝備勾選'!D$3,""),IF('裝備勾選'!E9="✓",'裝備勾選'!E$3,""),IF('裝備勾選'!F9="✓",'裝備勾選'!F$3,""),IF('裝備勾選'!G9="✓",'裝備勾選'!G$3,""),IF('裝備勾選'!H9="✓",'裝備勾選'!H$3,""),IF('裝備勾選'!I9="✓",'裝備勾選'!I$3,""),IF('裝備勾選'!J9="✓",'裝備勾選'!J$3,""),IF('裝備勾選'!K9="✓",'裝備勾選'!K$3,""),IF('裝備勾選'!L9="✓",'裝備勾選'!L$3,""),IF('裝備勾選'!M9="✓",'裝備勾選'!M$3,""),IF('裝備勾選'!N9="✓",'裝備勾選'!N$3,""),IF('裝備勾選'!O9="✓",'裝備勾選'!O$3,""),IF('裝備勾選'!P9="✓",'裝備勾選'!P$3,""),IF('裝備勾選'!Q9="✓",'裝備勾選'!Q$3,""),IF('裝備勾選'!R9="✓",'裝備勾選'!R$3,""),IF('裝備勾選'!S9="✓",'裝備勾選'!S$3,""),IF('裝備勾選'!T9="✓",'裝備勾選'!T$3,""),IF('裝備勾選'!U9="✓",'裝備勾選'!U$3,""),IF('裝備勾選'!V9="✓",'裝備勾選'!V$3,""),IF('裝備勾選'!W9="✓",'裝備勾選'!W$3,""),IF('裝備勾選'!X9="✓",'裝備勾選'!X$3,""),IF('裝備勾選'!Y9="✓",'裝備勾選'!Y$3,""),IF('裝備勾選'!Z9="✓",'裝備勾選'!Z$3,""),IF('裝備勾選'!AA9="✓",'裝備勾選'!AA$3,""),IF('裝備勾選'!AB9="✓",'裝備勾選'!AB$3,""),IF('裝備勾選'!AC9="✓",'裝備勾選'!AC$3,""),IF('裝備勾選'!AD9="✓",'裝備勾選'!AD$3,""))
A13: 7 | H13: =TEXTJOIN("、",TRUE,IF('裝備勾選'!C10="✓",'裝備勾選'!C$3,""),IF('裝備勾選'!D10="✓",'裝備勾選'!D$3,""),IF('裝備勾選'!E10="✓",'裝備勾選'!E$3,""),IF('裝備勾選'!F10="✓",'裝備勾選'!F$3,""),IF('裝備勾選'!G10="✓",'裝備勾選'!G$3,""),IF('裝備勾選'!H10="✓",'裝備勾選'!H$3,""),IF('裝備勾選'!I10="✓",'裝備勾選'!I$3,""),IF('裝備勾選'!J10="✓",'裝備勾選'!J$3,""),IF('裝備勾選'!K10="✓",'裝備勾選'!K$3,""),IF('裝備勾選'!L10="✓",'裝備勾選'!L$3,""),IF('裝備勾選'!M10="✓",'裝備勾選'!M$3,""),IF('裝備勾選'!N10="✓",'裝備勾選'!N$3,""),IF('裝備勾選'!O10="✓",'裝備勾選'!O$3,""),IF('裝備勾選'!P10="✓",'裝備勾選'!P$3,""),IF('裝備勾選'!Q10="✓",'裝備勾選'!Q$3,""),IF('裝備勾選'!R10="✓",'裝備勾選'!R$3,""),IF('裝備勾選'!S10="✓",'裝備勾選'!S$3,""),IF('裝備勾選'!T10="✓",'裝備勾選'!T$3,""),IF('裝備勾選'!U10="✓",'裝備勾選'!U$3,""),IF('裝備勾選'!V10="✓",'裝備勾選'!V$3,""),IF('裝備勾選'!W10="✓",'裝備勾選'!W$3,""),IF('裝備勾選'!X10="✓",'裝備勾選'!X$3,""),IF('裝備勾選'!Y10="✓",'裝備勾選'!Y$3,""),IF('裝備勾選'!Z10="✓",'裝備勾選'!Z$3,""),IF('裝備勾選'!AA10="✓",'裝備勾選'!AA$3,""),IF('裝備勾選'!AB10="✓",'裝備勾選'!AB$3,""),IF('裝備勾選'!AC10="✓",'裝備勾選'!AC$3,""),IF('裝備勾選'!AD10="✓",'裝備勾選'!AD$3,""))
A14: 8 | H14: =TEXTJOIN("、",TRUE,IF('裝備勾選'!C11="✓",'裝備勾選'!C$3,""),IF('裝備勾選'!D11="✓",'裝備勾選'!D$3,""),IF('裝備勾選'!E11="✓",'裝備勾選'!E$3,""),IF('裝備勾選'!F11="✓",'裝備勾選'!F$3,""),IF('裝備勾選'!G11="✓",'裝備勾選'!G$3,""),IF('裝備勾選'!H11="✓",'裝備勾選'!H$3,""),IF('裝備勾選'!I11="✓",'裝備勾選'!I$3,""),IF('裝備勾選'!J11="✓",'裝備勾選'!J$3,""),IF('裝備勾選'!K11="✓",'裝備勾選'!K$3,""),IF('裝備勾選'!L11="✓",'裝備勾選'!L$3,""),IF('裝備勾選'!M11="✓",'裝備勾選'!M$3,""),IF('裝備勾選'!N11="✓",'裝備勾選'!N$3,""),IF('裝備勾選'!O11="✓",'裝備勾選'!O$3,""),IF('裝備勾選'!P11="✓",'裝備勾選'!P$3,""),IF('裝備勾選'!Q11="✓",'裝備勾選'!Q$3,""),IF('裝備勾選'!R11="✓",'裝備勾選'!R$3,""),IF('裝備勾選'!S11="✓",'裝備勾選'!S$3,""),IF('裝備勾選'!T11="✓",'裝備勾選'!T$3,""),IF('裝備勾選'!U11="✓",'裝備勾選'!U$3,""),IF('裝備勾選'!V11="✓",'裝備勾選'!V$3,""),IF('裝備勾選'!W11="✓",'裝備勾選'!W$3,""),IF('裝備勾選'!X11="✓",'裝備勾選'!X$3,""),IF('裝備勾選'!Y11="✓",'裝備勾選'!Y$3,""),IF('裝備勾選'!Z11="✓",'裝備勾選'!Z$3,""),IF('裝備勾選'!AA11="✓",'裝備勾選'!AA$3,""),IF('裝備勾選'!AB11="✓",'裝備勾選'!AB$3,""),IF('裝備勾選'!AC11="✓",'裝備勾選'!AC$3,""),IF('裝備勾選'!AD11="✓",'裝備勾選'!AD$3,""))
A15: 9 | H15: =TEXTJOIN("、",TRUE,IF('裝備勾選'!C12="✓",'裝備勾選'!C$3,""),IF('裝備勾選'!D12="✓",'裝備勾選'!D$3,""),IF('裝備勾選'!E12="✓",'裝備勾選'!E$3,""),IF('裝備勾選'!F12="✓",'裝備勾選'!F$3,""),IF('裝備勾選'!G12="✓",'裝備勾選'!G$3,""),IF('裝備勾選'!H12="✓",'裝備勾選'!H$3,""),IF('裝備勾選'!I12="✓",'裝備勾選'!I$3,""),IF('裝備勾選'!J12="✓",'裝備勾選'!J$3,""),IF('裝備勾選'!K12="✓",'裝備勾選'!K$3,""),IF('裝備勾選'!L12="✓",'裝備勾選'!L$3,""),IF('裝備勾選'!M12="✓",'裝備勾選'!M$3,""),IF('裝備勾選'!N12="✓",'裝備勾選'!N$3,""),IF('裝備勾選'!O12="✓",'裝備勾選'!O$3,""),IF('裝備勾選'!P12="✓",'裝備勾選'!P$3,""),IF('裝備勾選'!Q12="✓",'裝備勾選'!Q$3,""),IF('裝備勾選'!R12="✓",'裝備勾選'!R$3,""),IF('裝備勾選'!S12="✓",'裝備勾選'!S$3,""),IF('裝備勾選'!T12="✓",'裝備勾選'!T$3,""),IF('裝備勾選'!U12="✓",'裝備勾選'!U$3,""),IF('裝備勾選'!V12="✓",'裝備勾選'!V$3,""),IF('裝備勾選'!W12="✓",'裝備勾選'!W$3,""),IF('裝備勾選'!X12="✓",'裝備勾選'!X$3,""),IF('裝備勾選'!Y12="✓",'裝備勾選'!Y$3,""),IF('裝備勾選'!Z12="✓",'裝備勾選'!Z$3,""),IF('裝備勾選'!AA12="✓",'裝備勾選'!AA$3,""),IF('裝備勾選'!AB12="✓",'裝備勾選'!AB$3,""),IF('裝備勾選'!AC12="✓",'裝備勾選'!AC$3,""),IF('裝備勾選'!AD12="✓",'裝備勾選'!AD$3,""))
A16: 10 | H16: =TEXTJOIN("、",TRUE,IF('裝備勾選'!C13="✓",'裝備勾選'!C$3,""),IF('裝備勾選'!D13="✓",'裝備勾選'!D$3,""),IF('裝備勾選'!E13="✓",'裝備勾選'!E$3,""),IF('裝備勾選'!F13="✓",'裝備勾選'!F$3,""),IF('裝備勾選'!G13="✓",'裝備勾選'!G$3,""),IF('裝備勾選'!H13="✓",'裝備勾選'!H$3,""),IF('裝備勾選'!I13="✓",'裝備勾選'!I$3,""),IF('裝備勾選'!J13="✓",'裝備勾選'!J$3,""),IF('裝備勾選'!K13="✓",'裝備勾選'!K$3,""),IF('裝備勾選'!L13="✓",'裝備勾選'!L$3,""),IF('裝備勾選'!M13="✓",'裝備勾選'!M$3,""),IF('裝備勾選'!N13="✓",'裝備勾選'!N$3,""),IF('裝備勾選'!O13="✓",'裝備勾選'!O$3,""),IF('裝備勾選'!P13="✓",'裝備勾選'!P$3,""),IF('裝備勾選'!Q13="✓",'裝備勾選'!Q$3,""),IF('裝備勾選'!R13="✓",'裝備勾選'!R$3,""),IF('裝備勾選'!S13="✓",'裝備勾選'!S$3,""),IF('裝備勾選'!T13="✓",'裝備勾選'!T$3,""),IF('裝備勾選'!U13="✓",'裝備勾選'!U$3,""),IF('裝備勾選'!V13="✓",'裝備勾選'!V$3,""),IF('裝備勾選'!W13="✓",'裝備勾選'!W$3,""),IF('裝備勾選'!X13="✓",'裝備勾選'!X$3,""),IF('裝備勾選'!Y13="✓",'裝備勾選'!Y$3,""),IF('裝備勾選'!Z13="✓",'裝備勾選'!Z$3,""),IF('裝備勾選'!AA13="✓",'裝備勾選'!AA$3,""),IF('裝備勾選'!AB13="✓",'裝備勾選'!AB$3,""),IF('裝備勾選'!AC13="✓",'裝備勾選'!AC$3,""),IF('裝備勾選'!AD13="✓",'裝備勾選'!AD$3,""))
A17: 11 | H17: =TEXTJOIN("、",TRUE,IF('裝備勾選'!C14="✓",'裝備勾選'!C$3,""),IF('裝備勾選'!D14="✓",'裝備勾選'!D$3,""),IF('裝備勾選'!E14="✓",'裝備勾選'!E$3,""),IF('裝備勾選'!F14="✓",'裝備勾選'!F$3,""),IF('裝備勾選'!G14="✓",'裝備勾選'!G$3,""),IF('裝備勾選'!H14="✓",'裝備勾選'!H$3,""),IF('裝備勾選'!I14="✓",'裝備勾選'!I$3,""),IF('裝備勾選'!J14="✓",'裝備勾選'!J$3,""),IF('裝備勾選'!K14="✓",'裝備勾選'!K$3,""),IF('裝備勾選'!L14="✓",'裝備勾選'!L$3,""),IF('裝備勾選'!M14="✓",'裝備勾選'!M$3,""),IF('裝備勾選'!N14="✓",'裝備勾選'!N$3,""),IF('裝備勾選'!O14="✓",'裝備勾選'!O$3,""),IF('裝備勾選'!P14="✓",'裝備勾選'!P$3,""),IF('裝備勾選'!Q14="✓",'裝備勾選'!Q$3,""),IF('裝備勾選'!R14="✓",'裝備勾選'!R$3,""),IF('裝備勾選'!S14="✓",'裝備勾選'!S$3,""),IF('裝備勾選'!T14="✓",'裝備勾選'!T$3,""),IF('裝備勾選'!U14="✓",'裝備勾選'!U$3,""),IF('裝備勾選'!V14="✓",'裝備勾選'!V$3,""),IF('裝備勾選'!W14="✓",'裝備勾選'!W$3,""),IF('裝備勾選'!X14="✓",'裝備勾選'!X$3,""),IF('裝備勾選'!Y14="✓",'裝備勾選'!Y$3,""),IF('裝備勾選'!Z14="✓",'裝備勾選'!Z$3,""),IF('裝備勾選'!AA14="✓",'裝備勾選'!AA$3,""),IF('裝備勾選'!AB14="✓",'裝備勾選'!AB$3,""),IF('裝備勾選'!AC14="✓",'裝備勾選'!AC$3,""),IF('裝備勾選'!AD14="✓",'裝備勾選'!AD$3,""))
A18: 12 | H18: =TEXTJOIN("、",TRUE,IF('裝備勾選'!C15="✓",'裝備勾選'!C$3,""),IF('裝備勾選'!D15="✓",'裝備勾選'!D$3,""),IF('裝備勾選'!E15="✓",'裝備勾選'!E$3,""),IF('裝備勾選'!F15="✓",'裝備勾選'!F$3,""),IF('裝備勾選'!G15="✓",'裝備勾選'!G$3,""),IF('裝備勾選'!H15="✓",'裝備勾選'!H$3,""),IF('裝備勾選'!I15="✓",'裝備勾選'!I$3,""),IF('裝備勾選'!J15="✓",'裝備勾選'!J$3,""),IF('裝備勾選'!K15="✓",'裝備勾選'!K$3,""),IF('裝備勾選'!L15="✓",'裝備勾選'!L$3,""),IF('裝備勾選'!M15="✓",'裝備勾選'!M$3,""),IF('裝備勾選'!N15="✓",'裝備勾選'!N$3,""),IF('裝備勾選'!O15="✓",'裝備勾選'!O$3,""),IF('裝備勾選'!P15="✓",'裝備勾選'!P$3,""),IF('裝備勾選'!Q15="✓",'裝備勾選'!Q$3,""),IF('裝備勾選'!R15="✓",'裝備勾選'!R$3,""),IF('裝備勾選'!S15="✓",'裝備勾選'!S$3,""),IF('裝備勾選'!T15="✓",'裝備勾選'!T$3,""),IF('裝備勾選'!U15="✓",'裝備勾選'!U$3,""),IF('裝備勾選'!V15="✓",'裝備勾選'!V$3,""),IF('裝備勾選'!W15="✓",'裝備勾選'!W$3,""),IF('裝備勾選'!X15="✓",'裝備勾選'!X$3,""),IF('裝備勾選'!Y15="✓",'裝備勾選'!Y$3,""),IF('裝備勾選'!Z15="✓",'裝備勾選'!Z$3,""),IF('裝備勾選'!AA15="✓",'裝備勾選'!AA$3,""),IF('裝備勾選'!AB15="✓",'裝備勾選'!AB$3,""),IF('裝備勾選'!AC15="✓",'裝備勾選'!AC$3,""),IF('裝備勾選'!AD15="✓",'裝備勾選'!AD$3,""))
... A39: 33 | H39: =TEXTJOIN("、",TRUE,IF('裝備勾選'!C36="✓",'裝備勾選'!C$3,""),IF('裝備勾選'!D36="✓",'裝備勾選'!D$3,""),IF('裝備勾選'!E36="✓",'裝備勾選'!E$3,""),IF('裝備勾選'!F36="✓",'裝備勾選'!F$3,""),IF('裝備勾選'!G36="✓",'裝備勾選'!G$3,""),IF('裝備勾選'!H36="✓",'裝備勾選'!H$3,""),IF('裝備勾選'!I36="✓",'裝備勾選'!I$3,""),IF('裝備勾選'!J36="✓",'裝備勾選'!J$3,""),IF('裝備勾選'!K36="✓",'裝備勾選'!K$3,""),IF('裝備勾選'!L36="✓",'裝備勾選'!L$3,""),IF('裝備勾選'!M36="✓",'裝備勾選'!M$3,""),IF('裝備勾選'!N36="✓",'裝備勾選'!N$3,""),IF('裝備勾選'!O36="✓",'裝備勾選'!O$3,""),IF('裝備勾選'!P36="✓",'裝備勾選'!P$3,""),IF('裝備勾選'!Q36="✓",'裝備勾選'!Q$3,""),IF('裝備勾選'!R36="✓",'裝備勾選'!R$3,""),IF('裝備勾選'!S36="✓",'裝備勾選'!S$3,""),IF('裝備勾選'!T36="✓",'裝備勾選'!T$3,""),IF('裝備勾選'!U36="✓",'裝備勾選'!U$3,""),IF('裝備勾選'!V36="✓",'裝備勾選'!V$3,""),IF('裝備勾選'!W36="✓",'裝備勾選'!W$3,""),IF('裝備勾選'!X36="✓",'裝備勾選'!X$3,""),IF('裝備勾選'!Y36="✓",'裝備勾選'!Y$3,""),IF('裝備勾選'!Z36="✓",'裝備勾選'!Z$3,""),IF('裝備勾選'!AA36="✓",'裝備勾選'!AA$3,""),IF('裝備勾選'!AB36="✓",'裝備勾選'!AB$3,""),IF('裝備勾選'!AC36="✓",'裝備勾選'!AC$3,""),IF('裝備勾選'!AD36="✓",'裝備勾選'!AD$3,""))

Sheet 選單資料
A1: 崗哨別 | B1: 派遣單位 | C1: 裝備項目
A2: 便衣哨 | B2: 民防組 | C2: 制服
A3: 蒐證哨 | B3: 板橋監巡區 | C3: 便衣(勿穿T-shirt)
A4: 反覘哨 | B4: 便衣預備隊 | C4: 制服加便衣外套(勿穿T-shirt)
A5: 步巡哨 | B5: 督導組 | C5: 勤務帽
A6: 交管哨 | B6: 大觀監巡區 | C6: 攜槍彈
A7: 蒐證哨兼空拍機攔截 | B7: 後埔監巡區 | C7: 無線電(空氣導管耳機)
A8: 協調點 (便衣哨) | B8: 沙崙監巡區 | C8: 服務證
A9: 攔截圍捕點 | B9: 行政組 | C9: 指揮棒
A10: 預備隊 | B10: 保防組 | C10: 哨子
A11: 辨識 小組 | B11: 警察預備隊 | C11: 微型錄影機
C12: 微型攝影機
C13: 手電筒
C14: 白帽
C15: 望遠鏡
C16: m-police即時傳輸
C17: 蒐證器材
C18: 場撿器材
C19: 防彈衣
C20: 反光背心
C21: 警笛
C22: 警銬
C23: 束帶
... C28: 雨具
A29: （預設指揮官由使用者自行輸入進表格） | C29: 移請執行單

Sheet 裝備勾選
A1: 裝備勾選（測試副本）
A2: 每格由「未選」改為「✓」，會自動彙整至輸出表格資料 H 欄。此頁只供測試；原始輸出表版面與既有下拉式選單均保留。
A3: 部署列 | B3: 崗哨位置 | C3: 制服 | D3: 便衣(勿穿T-shirt) | E3: 制服加便衣外套(勿穿T-shirt) | F3: 勤務帽 | G3: 攜槍彈 | H3: 無線電(空氣導管耳機) | I3: 服務證 | J3: 指揮棒 | K3: 哨子 | L3: 微型錄影機 | M3: 微型攝影機 | N3: 手電筒 | O3: 白帽 | P3: 望遠鏡 | Q3: m-police即時傳輸 | R3: 蒐證器材 | S3: 場撿器材 | T3: 防彈衣 | U3: 反光背心 | V3: 警笛 | W3: 警銬 | X3: 束帶 | Y3: 手提擴音器 | Z3: 滅火器 | AA3: 警告牌 | AB3: 防護網 | AC3: 雨具 | AD3: 移請執行單
A4: 1 | B4: ='輸出表格資料'!C7 | C4: 未選 | D4: 未選 | E4: 未選 | F4: 未選 | G4: 未選 | H4: 未選 | I4: 未選 | J4: 未選 | K4: 未選 | L4: 未選 | M4: 未選 | N4: 未選 | O4: 未選 | P4: 未選 | Q4: 未選 | R4: 未選 | S4: 未選 | T4: 未選 | U4: 未選 | V4: 未選 | W4: 未選 | X4: 未選 | Y4: 未選 | Z4: 未選 | AA4: 未選 | AB4: 未選 | AC4: 未選 | AD4: 未選
A5: 2 | B5: ='輸出表格資料'!C8 | C5: 未選 | D5: 未選 | E5: 未選 | F5: 未選 | G5: 未選 | H5: 未選 | I5: 未選 | J5: 未選 | K5: 未選 | L5: 未選 | M5: 未選 | N5: 未選 | O5: 未選 | P5: 未選 | Q5: 未選 | R5: 未選 | S5: 未選 | T5: 未選 | U5: 未選 | V5: 未選 | W5: 未選 | X5: 未選 | Y5: 未選 | Z5: 未選 | AA5: 未選 | AB5: 未選 | AC5: 未選 | AD5: 未選
A6: 3 | B6: ='輸出表格資料'!C9 | C6: 未選 | D6: 未選 | E6: 未選 | F6: 未選 | G6: 未選 | H6: 未選 | I6: 未選 | J6: 未選 | K6: 未選 | L6: 未選 | M6: 未選 | N6: 未選 | O6: 未選 | P6: 未選 | Q6: 未選 | R6: 未選 | S6: 未選 | T6: 未選 | U6: 未選 | V6: 未選 | W6: 未選 | X6: 未選 | Y6: 未選 | Z6: 未選 | AA6: 未選 | AB6: 未選 | AC6: 未選 | AD6: 未選
A7: 4 | B7: ='輸出表格資料'!C10 | C7: 未選 | D7: 未選 | E7: 未選 | F7: 未選 | G7: 未選 | H7: 未選 | I7: 未選 | J7: 未選 | K7: 未選 | L7: 未選 | M7: 未選 | N7: 未選 | O7: 未選 | P7: 未選 | Q7: 未選 | R7: 未選 | S7: 未選 | T7: 未選 | U7: 未選 | V7: 未選 | W7: 未選 | X7: 未選 | Y7: 未選 | Z7: 未選 | AA7: 未選 | AB7: 未選 | AC7: 未選 | AD7: 未選
A8: 5 | B8: ='輸出表格資料'!C11 | C8: 未選 | D8: 未選 | E8: 未選 | F8: 未選 | G8: 未選 | H8: 未選 | I8: 未選 | J8: 未選 | K8: 未選 | L8: 未選 | M8: 未選 | N8: 未選 | O8: 未選 | P8: 未選 | Q8: 未選 | R8: 未選 | S8: 未選 | T8: 未選 | U8: 未選 | V8: 未選 | W8: 未選 | X8: 未選 | Y8: 未選 | Z8: 未選 | AA8: 未選 | AB8: 未選 | AC8: 未選 | AD8: 未選
A9: 6 | B9: ='輸出表格資料'!C12 | C9: 未選 | D9: 未選 | E9: 未選 | F9: 未選 | G9: 未選 | H9: 未選 | I9: 未選 | J9: 未選 | K9: 未選 | L9: 未選 | M9: 未選 | N9: 未選 | O9: 未選 | P9: 未選 | Q9: 未選 | R9: 未選 | S9: 未選 | T9: 未選 | U9: 未選 | V9: 未選 | W9: 未選 | X9: 未選 | Y9: 未選 | Z9: 未選 | AA9: 未選 | AB9: 未選 | AC9: 未選 | AD9: 未選
A10: 7 | B10: ='輸出表格資料'!C13 | C10: 未選 | D10: 未選 | E10: 未選 | F10: 未選 | G10: 未選 | H10: 未選 | I10: 未選 | J10: 未選 | K10: 未選 | L10: 未選 | M10: 未選 | N10: 未選 | O10: 未選 | P10: 未選 | Q10: 未選 | R10: 未選 | S10: 未選 | T10: 未選 | U10: 未選 | V10: 未選 | W10: 未選 | X10: 未選 | Y10: 未選 | Z10: 未選 | AA10: 未選 | AB10: 未選 | AC10: 未選 | AD10: 未選
A11: 8 | B11: ='輸出表格資料'!C14 | C11: 未選 | D11: 未選 | E11: 未選 | F11: 未選 | G11: 未選 | H11: 未選 | I11: 未選 | J11: 未選 | K11: 未選 | L11: 未選 | M11: 未選 | N11: 未選 | O11: 未選 | P11: 未選 | Q11: 未選 | R11: 未選 | S11: 未選 | T11: 未選 | U11: 未選 | V11: 未選 | W11: 未選 | X11: 未選 | Y11: 未選 | Z11: 未選 | AA11: 未選 | AB11: 未選 | AC11: 未選 | AD11: 未選
A12: 9 | B12: ='輸出表格資料'!C15 | C12: 未選 | D12: 未選 | E12: 未選 | F12: 未選 | G12: 未選 | H12: 未選 | I12: 未選 | J12: 未選 | K12: 未選 | L12: 未選 | M12: 未選 | N12: 未選 | O12: 未選 | P12: 未選 | Q12: 未選 | R12: 未選 | S12: 未選 | T12: 未選 | U12: 未選 | V12: 未選 | W12: 未選 | X12: 未選 | Y12: 未選 | Z12: 未選 | AA12: 未選 | AB12: 未選 | AC12: 未選 | AD12: 未選
A13: 10 | B13: ='輸出表格資料'!C16 | C13: 未選 | D13: 未選 | E13: 未選 | F13: 未選 | G13: 未選 | H13: 未選 | I13: 未選 | J13: 未選 | K13: 未選 | L13: 未選 | M13: 未選 | N13: 未選 | O13: 未選 | P13: 未選 | Q13: 未選 | R13: 未選 | S13: 未選 | T13: 未選 | U13: 未選 | V13: 未選 | W13: 未選 | X13: 未選 | Y13: 未選 | Z13: 未選 | AA13: 未選 | AB13: 未選 | AC13: 未選 | AD13: 未選
A14: 11 | B14: ='輸出表格資料'!C17 | C14: 未選 | D14: 未選 | E14: 未選 | F14: 未選 | G14: 未選 | H14: 未選 | I14: 未選 | J14: 未選 | K14: 未選 | L14: 未選 | M14: 未選 | N14: 未選 | O14: 未選 | P14: 未選 | Q14: 未選 | R14: 未選 | S14: 未選 | T14: 未選 | U14: 未選 | V14: 未選 | W14: 未選 | X14: 未選 | Y14: 未選 | Z14: 未選 | AA14: 未選 | AB14: 未選 | AC14: 未選 | AD14: 未選
A15: 12 | B15: ='輸出表格資料'!C18 | C15: 未選 | D15: 未選 | E15: 未選 | F15: 未選 | G15: 未選 | H15: 未選 | I15: 未選 | J15: 未選 | K15: 未選 | L15: 未選 | M15: 未選 | N15: 未選 | O15: 未選 | P15: 未選 | Q15: 未選 | R15: 未選 | S15: 未選 | T15: 未選 | U15: 未選 | V15: 未選 | W15: 未選 | X15: 未選 | Y15: 未選 | Z15: 未選 | AA15: 未選 | AB15: 未選 | AC15: 未選 | AD15: 未選
... A36: 33 | B36: ='輸出表格資料'!C39 | C36: 未選 | D36: 未選 | E36: 未選 | F36: 未選 | G36: 未選 | H36: 未選 | I36: 未選 | J36: 未選 | K36: 未選 | L36: 未選 | M36: 未選 | N36: 未選 | O36: 未選 | P36: 未選 | Q36: 未選 | R36: 未選 | S36: 未選 | T36: 未選 | U36: 未選 | V36: 未選 | W36: 未選 | X36: 未選 | Y36: 未選 | Z36: 未選 | AA36: 未選 | AB36: 未選 | AC36: 未選 | AD36: 未選
